{"cameraMode":{"drawMode":0,"name":"Shaded","section":"Shading Mode"},"sceneLighting":false,"audioPlay":false,"sceneViewState":{"m_AlwaysRefresh":true,"showFog":true,"showSkybox":false,"showFlares":true,"showImageEffects":true,"showParticleSystems":true,"showVisualEffectGraphs":true,"m_FxEnabled":true},"in2DMode":false,"pivot":{"x":0.32239001989364626,"y":-0.07523615658283234,"z":0.20348681509494782},"rotation":{"x":-0.25468841195106509,"y":0.21498577296733857,"z":-0.05818071961402893,"w":-0.9410460591316223},"size":0.5584483742713928,"orthographic":false}